{
  "correction": {
    "dd": -0.056723648211530746,
    "du": 0.044999999999999984,
    "dv": -0.045,
    "da": 0.0,
    "delta": 0.02,
    "mp": -0.16177805668380152
  },
  "alpha": 24.0,
  "global_fit": true
}